juzgado,direccion
Juzgado en lo Civil y Comercial Nº 1 Quilmes,"9 de Julio N° 287, Quilmes"
Juzgado en lo Civil y Comercial Nº 2 Quilmes,"9 de Julio N° 287, Quilmes"
Juzgado en lo Civil y Comercial Nº 3 Quilmes,"9 de Julio N° 287, Quilmes"
Juzgado en lo Civil y Comercial Nº 4 Quilmes,"9 de Julio N° 287, Quilmes"
Juzgado en lo Civil y Comercial Nº 5 Quilmes,"9 de Julio N° 287, Quilmes"
Juzgado en lo Civil y Comercial Nº 6 Quilmes,"9 de Julio N° 287, Quilmes"
Juzgado en lo Civil y Comercial Nº 7 Quilmes,"Alvear N° 465, Piso 2, Quilmes"
Juzgado en lo Civil y Comercial Nº 8 Quilmes,"Alvear N° 465, Piso 2, Quilmes"
Juzgado en lo Civil y Comercial Nº 9 Quilmes,"Alvear N° 465, Quilmes"
Juzgado en lo Civil y Comercial Nº 10 Quilmes,"Alvear N° 465, Quilmes"
Juzgado en lo Civil y Comercial Nº 11 Quilmes,"Alvear N° 465, Quilmes"
Juzgado en lo Civil y Comercial Nº 12 Quilmes,"Alvear N° 465, Quilmes"
Juzgado en lo Civil y Comercial Nº 1 Lomas de Zamora,"Camino Pres. Juan Domingo Perón y Larroque, CP 1828, Banfield - Lomas de Zamora"
Juzgado en lo Civil y Comercial Nº 2 Lomas de Zamora,"Camino Pres. Juan Domingo Perón y Larroque, CP 1828, Banfield - Lomas de Zamora"
Juzgado en lo Civil y Comercial Nº 3 Lomas de Zamora,"Camino Pres. Juan Domingo Perón y Larroque, CP 1828, Banfield - Lomas de Zamora"
Juzgado en lo Civil y Comercial Nº 4 Lomas de Zamora,"Camino Pres. Juan Domingo Perón y Larroque, CP 1828, Banfield - Lomas de Zamora"
Juzgado en lo Civil y Comercial Nº 5 Lomas de Zamora,"Camino Pres. Juan Domingo Perón y Larroque, CP 1828, Banfield - Lomas de Zamora"
Juzgado en lo Civil y Comercial Nº 6 Lomas de Zamora,"Camino Pres. Juan Domingo Perón y Larroque, CP 1828, Banfield - Lomas de Zamora"
Juzgado en lo Civil y Comercial Nº 7 Lomas de Zamora,"Camino Pres. Juan Domingo Perón y Larroque, CP 1828, Banfield - Lomas de Zamora"
Juzgado en lo Civil y Comercial Nº 8 Lomas de Zamora,"Camino Pres. Juan Domingo Perón y Larroque, CP 1828, Banfield - Lomas de Zamora"
Juzgado en lo Civil y Comercial Nº 9 Lomas de Zamora,"Camino Pres. Juan Domingo Perón y Larroque, CP 1828, Banfield - Lomas de Zamora"
Juzgado en lo Civil y Comercial Nº 10 Lomas de Zamora,"Camino Pres. Juan Domingo Perón y Larroque, CP 1828, Banfield - Lomas de Zamora"
Juzgado en lo Civil y Comercial Nº 11 Lomas de Zamora,"Camino Pres. Juan Domingo Perón y Larroque, CP 1828, Banfield - Lomas de Zamora"
Juzgado en lo Civil y Comercial Nº 12 Lomas de Zamora,"Camino Pres. Juan Domingo Perón y Larroque, Piso 2, CP 1828, Banfield - Lomas de Zamora"
Juzgado en lo Civil y Comercial Nº 13 Lomas de Zamora,"Camino Pres. Juan Domingo Perón y Larroque, CP 1828, Banfield - Lomas de Zamora"
Juzgado en lo Civil y Comercial Nº 14 Lomas de Zamora,"Camino Pres. Juan Domingo Perón y Larroque, CP 1828, Banfield - Lomas de Zamora"
Juzgado en lo Civil y Comercial Nº 15 Lomas de Zamora,"Camino Pres. Juan Domingo Perón y Larroque, CP 1828, Banfield - Lomas de Zamora"
Juzgado en lo Civil y Comercial Nº 16 Lomas de Zamora,"Camino Pres. Juan Domingo Perón y Larroque, CP 1828, Banfield - Lomas de Zamora"
Juzgado en lo Civil y Comercial Nº 1 - Avellaneda - Lanús,"Av. Mitre 2609, Anexo Mitre, Piso 3, Avellaneda, Partido de Avellaneda"
Juzgado en lo Civil y Comercial Nº 2 - Avellaneda - Lanús,"Av. Mitre 2609, Anexo Mitre, Piso 3, Avellaneda, Partido de Avellaneda"
Juzgado en lo Civil y Comercial Nº 3 - Avellaneda - Lanús,"Av. Mitre 2609, Anexo Mitre, Piso 3, Avellaneda, Partido de Avellaneda"
Juzgado en lo Civil y Comercial Nº 4 - Avellaneda - Lanús,"Calle 29 de Septiembre 1890, CP 1824, Lanús"
Juzgado en lo Civil y Comercial Nº 5 - Avellaneda - Lanús,"Carlos Tejedor 283, CP 1824, Lanús"
Juzgado en lo Civil y Comercial Nº 6 - Avellaneda - Lanús,"José Mármol 20, CP 1824, Lanús"
Juzgado en lo Civil y Comercial Nº 7 - Avellaneda - Lanús,"Av. Mitre 2609, Anexo Mitre, Piso 3, Avellaneda, Partido de Avellaneda"
Juzgado en lo Civil y Comercial Nº 1 - La Matanza,"Avenida Presidente Perón 2850, CP 1754, San Justo, Partido de La Matanza"
Juzgado en lo Civil y Comercial Nº 2 - La Matanza,"Avenida Presidente Perón 2850, Piso 2, CP 1754, San Justo, Partido de La Matanza"
Juzgado en lo Civil y Comercial Nº 3 - La Matanza,"Avenida Presidente Perón 2850, CP 1754, San Justo, Partido de La Matanza"
Juzgado en lo Civil y Comercial Nº 4 - La Matanza,"Calle Entre Ríos 2929, Piso 1-2, CP 1754, San Justo, Partido de La Matanza"
Juzgado en lo Civil y Comercial Nº 5 - La Matanza,"Calle Entre Ríos 2929, CP 1754, San Justo, Partido de La Matanza"
Juzgado en lo Civil y Comercial Nº 6 - La Matanza,"Calle Entre Ríos 2929, P.B. y Piso 4, CP 1754, San Justo, Partido de La Matanza"
Juzgado en lo Civil y Comercial Nº 7 - La Matanza,"Calle Salta 2269/75, Piso 1 y 2, CP 1754, San Justo, Partido de La Matanza"
Juzgado en lo Civil y Comercial Nº 8 - La Matanza,"Calle Salta 2269/75, Piso 3, CP 1754, San Justo, Partido de La Matanza"
Juzgado en lo Civil y Comercial Nº 9 - La Matanza,"Avenida Comisionado Indart 2147/57, CP 1754, San Justo, Partido de La Matanza"
Juzgado en lo Civil y Comercial Nº 10 - La Matanza,"Avenida Comisionado Indart 2147/57, CP 1754, San Justo, Partido de La Matanza"
Juzgado en lo Civil y Comercial Nº 1 - Morón,"Almirante Brown y Colón, Piso 1, CP 1708, Morón"
Juzgado en lo Civil y Comercial Nº 2 - Morón,"Almirante Brown y Colón, Piso 1, CP 1708, Morón"
Juzgado en lo Civil y Comercial Nº 3 - Morón,"Almirante Brown y Colón, Piso 1, CP 1708, Morón"
Juzgado en lo Civil y Comercial Nº 4 - Morón,"Almirante Brown y Colón, Piso 1, CP 1708, Morón"
Juzgado en lo Civil y Comercial Nº 5 - Morón,"Almirante Brown y Colón, Piso 1, CP 1708, Morón"
Juzgado en lo Civil y Comercial Nº 6 - Morón,"Almirante Brown y Colón, Piso 1, CP 1708, Morón"
Juzgado en lo Civil y Comercial Nº 7 - Morón,"Almirante Brown y Colón, Piso 2, CP 1708, Morón"
Juzgado en lo Civil y Comercial Nº 8 - Morón,"Almirante Brown y Colón, Piso 2, CP 1708, Morón"
Juzgado en lo Civil y Comercial Nº 9 - Morón,"Almirante Brown y Colón, Piso 2, CP 1708, Morón"
Juzgado en lo Civil y Comercial Nº 10 - Morón,"Almirante Brown y Colón, Piso 2, CP 1708, Morón"
Juzgado en lo Civil y Comercial Nº 11 - Morón,"Almirante Brown y Colón, Piso 2, CP 1708, Morón"
Juzgado en lo Civil y Comercial Nº 12 - Morón,"Almirante Brown y Colón, Piso 2, CP 1708, Morón"
Juzgado en lo Civil y Comercial Nº 1 - Moreno - General Rodríguez,"Merlo N° 2729, CP 1744, Moreno"
Juzgado en lo Civil y Comercial Nº 2 - Moreno - General Rodríguez,"Merlo N° 2729, CP 1744, Moreno"
Juzgado en lo Civil y Comercial Nº 3 - Moreno - General Rodríguez,"Intendente Pedro Whelan N° 671, CP 1748, General Rodríguez"
Juzgado en lo Civil y Comercial Nº 4 - Moreno - General Rodríguez,"Merlo N° 2729, CP 1744, Moreno"
Juzgado en lo Civil y Comercial Nº 1 - General San Martín,"Avenida Ricardo Balbín 1753, Piso 2, CP 1650, General San Martín"
Juzgado en lo Civil y Comercial Nº 2 - General San Martín,"Avenida Ricardo Balbín 1753, Piso 2, CP 1650, General San Martín"
Juzgado en lo Civil y Comercial Nº 3 - General San Martín,"Avenida Ricardo Balbín 1753, Piso 3, CP 1650, General San Martín"
Juzgado en lo Civil y Comercial Nº 4 - General San Martín,"Avenida Ricardo Balbín 1753, Piso 3, CP 1650, General San Martín"
Juzgado en lo Civil y Comercial Nº 5 - General San Martín,"Avenida Ricardo Balbín 1753, Piso 6, CP 1650, General San Martín"
Juzgado en lo Civil y Comercial Nº 6 - General San Martín,"Avenida Ricardo Balbín 1753, Piso 6, CP 1650, General San Martín"
Juzgado en lo Civil y Comercial Nº 7 - General San Martín,"Avenida Ricardo Balbín 1753, Piso 2, CP 1650, General San Martín"
Juzgado en lo Civil y Comercial Nº 8 - General San Martín,"Avenida Ricardo Balbín 1753, Piso 2, CP 1650, General San Martín"
Juzgado en lo Civil y Comercial Nº 9 - General San Martín,"Avenida Ricardo Balbín 1753, Piso 3, CP 1650, General San Martín"
Juzgado en lo Civil y Comercial Nº 10 - General San Martín,"Avenida Ricardo Balbín 1753, Piso 3, CP 1650, General San Martín"
Juzgado en lo Civil y Comercial Nº 11 - General San Martín,"Avenida Ricardo Balbín 1753, Piso 6, CP 1650, General San Martín"
Juzgado en lo Civil y Comercial Nº 12 - General San Martín,"Avenida Ricardo Balbín 1753, Piso 6, CP 1650, General San Martín"
Juzgado en lo Civil y Comercial Nº 1 - San Isidro,"Ituzaingó 340, Piso 2, CP 1642, San Isidro"
Juzgado en lo Civil y Comercial Nº 2 - San Isidro,"Ituzaingó 340, Piso 2, CP 1642, San Isidro"
Juzgado en lo Civil y Comercial Nº 3 - San Isidro,"Ituzaingó 340, Piso 3, CP 1642, San Isidro"
Juzgado en lo Civil y Comercial Nº 4 - San Isidro,"Ituzaingó 340, Piso 3, CP 1642, San Isidro"
Juzgado en lo Civil y Comercial Nº 5 - San Isidro,"Ituzaingó 340, Piso 6, CP 1642, San Isidro"
Juzgado en lo Civil y Comercial Nº 6 - San Isidro,"Ituzaingó 340, Piso 6, CP 1642, San Isidro"
Juzgado en lo Civil y Comercial Nº 7 - San Isidro,"Ituzaingó 340, Piso 7, CP 1642, San Isidro"
Juzgado en lo Civil y Comercial Nº 8 - San Isidro,"Ituzaingó 340, Piso 6, CP 1642, San Isidro"
Juzgado en lo Civil y Comercial Nº 9 - San Isidro,"Ituzaingó 340, Piso 6, CP 1642, San Isidro"
Juzgado en lo Civil y Comercial Nº 10 - San Isidro,"Ituzaingó 340, Piso 7, CP 1642, San Isidro"
Juzgado en lo Civil y Comercial Nº 11 - San Isidro,"Ituzaingó 340, Piso 3, CP 1642, San Isidro"
Juzgado en lo Civil y Comercial Nº 12 - San Isidro,"Ituzaingó 340, Piso 2, CP 1642, San Isidro"
Juzgado en lo Civil y Comercial Nº 13 - San Isidro,"Ituzaingó 340, Piso 3, CP 1642, San Isidro"
Juzgado en lo Civil y Comercial Nº 14 - San Isidro,"Ituzaingó 340, Piso 2, CP 1642, San Isidro"
Juzgado en lo Civil y Comercial Nº 15 - San Isidro,"Belgrano 321, entre Acassuso y Chacabuco, Piso 1, CP 1642, San Isidro"
Juzgado en lo Civil y Comercial Nº 16 - San Isidro,"Belgrano 321, entre Acassuso y Chacabuco, Piso 2, CP 1642, San Isidro"
Juzgado en lo Civil y Comercial Nº 1 - Bahía Blanca,"Estomba 34, Piso 1, CP 8000, Bahía Blanca"
Juzgado en lo Civil y Comercial Nº 2 - Bahía Blanca,"Estomba 34, Piso 2, CP 8000, Bahía Blanca"
Juzgado en lo Civil y Comercial Nº 3 - Bahía Blanca,"Estomba 34, Piso 1, CP 8000, Bahía Blanca"
Juzgado en lo Civil y Comercial Nº 4 - Bahía Blanca,"Estomba 34, Piso 4, CP 8000, Bahía Blanca"
Juzgado en lo Civil y Comercial Nº 5 - Bahía Blanca,"Estomba 34, Piso 1, CP 8000, Bahía Blanca"
Juzgado en lo Civil y Comercial Nº 6 - Bahía Blanca,"Estomba 34, Piso 2, CP 8000, Bahía Blanca"
Juzgado en lo Civil y Comercial Nº 7 - Bahía Blanca,"Estomba 34, CP 8000, Bahía Blanca"
Juzgado en lo Civil y Comercial Nº 8 - Bahía Blanca,"Estomba 34, Piso 4, CP 8000, Bahía Blanca"
Juzgado en lo Civil y Comercial Nº 1 - Tres Arroyos,"Brandsen 354, CP 7500, Tres Arroyos"
Juzgado en lo Civil y Comercial Nº 2 - Tres Arroyos,"Brandsen 562, CP 7500, Tres Arroyos"
Juzgado en lo Civil y Comercial Nº 1 - Necochea,"Calle 83 N° 323, CP 7630, Necochea"
Juzgado en lo Civil y Comercial Nº 2 - Necochea,"Calle 83 N° 323, CP 7630, Necochea"
Juzgado en lo Civil y Comercial Nº 1 - Mar del Plata,"Calle La Rioja N° 2126, CP 7600, Mar del Plata"
Juzgado en lo Civil y Comercial Nº 2 - Mar del Plata,"Calle Almirante Brown N° 2241, CP 7600, Mar del Plata"
Juzgado en lo Civil y Comercial Nº 3 - Mar del Plata,"Calle Almirante Brown N° 2241, CP 7600, Mar del Plata"
Juzgado en lo Civil y Comercial Nº 4 - Mar del Plata,"Calle La Rioja N° 2126, Piso 4, CP 7600, Mar del Plata"
Juzgado en lo Civil y Comercial Nº 5 - Mar del Plata,"Calle Almirante Brown N° 2241, CP 7600, Mar del Plata"
Juzgado en lo Civil y Comercial Nº 6 - Mar del Plata,"Calle Almirante Brown N° 2241, Piso 6, CP 7600, Mar del Plata"
Juzgado en lo Civil y Comercial Nº 7 - Mar del Plata,"Calle Almirante Brown N° 2241, Piso 7, CP 7600, Mar del Plata"
Juzgado en lo Civil y Comercial Nº 8 - Mar del Plata,"Calle Almirante Brown N° 2241, CP 7600, Mar del Plata"
Juzgado en lo Civil y Comercial Nº 9 - Mar del Plata,"Calle Almirante Brown N° 2241, CP 7600, Mar del Plata"
Juzgado en lo Civil y Comercial Nº 10 - Mar del Plata,"Calle Almirante Brown N° 1771, CP 7600, Mar del Plata"
Juzgado en lo Civil y Comercial Nº 11 - Mar del Plata,"Calle Almirante Brown N° 1771, CP 7600, Mar del Plata"
Juzgado en lo Civil y Comercial Nº 12 - Mar del Plata,"Calle Almirante Brown N° 1771, Piso 2, CP 7600, Mar del Plata"
Juzgado en lo Civil y Comercial Nº 13 - Mar del Plata,"Calle Almirante Brown N° 1771, CP 7600, Mar del Plata"
Juzgado en lo Civil y Comercial Nº 14 - Mar del Plata,"Calle Corrientes N° 2395, CP 7600, Mar del Plata"
Juzgado en lo Civil y Comercial Nº 15 - Mar del Plata,"Calle Almirante Brown N° 1762, CP 7600, Mar del Plata"
Juzgado en lo Civil y Comercial Nº 16 - Mar del Plata,"Calle Almirante Brown N° 2241, Piso 8, CP 7600, Mar del Plata"
Juzgado en lo Civil y Comercial N° 1 - Dolores,"Calle Belgrano N° 141, CP 7100, Dolores"
Juzgado en lo Civil y Comercial N° 2 - Dolores,"Calle Belgrano N° 141, CP 7100, Dolores"
Juzgado en lo Civil y Comercial N° 3 - Dolores,"Calle Belgrano N° 141, CP 7100, Dolores"
Juzgado en lo Civil y Comercial N° 4 - Dolores,"Calle Belgrano N° 141, CP 7100, Dolores"
Juzgado en lo Civil y Comercial Nº 1 - Azul,"Avenida Presidente Perón 525, CP 7300, Azul"
Juzgado en lo Civil y Comercial Nº 2 - Azul,"Avenida Presidente Perón 525, Piso 1, CP 7300, Azul"
Juzgado en lo Civil y Comercial Nº 3 - Azul,"Avenida Presidente Perón 525, Piso 2, CP 7300, Azul"
Juzgado en lo Civil y Comercial Nº 4 - Azul,"Avenida Presidente Perón 525, CP 7300, Azul"
Juzgado en lo Civil y Comercial Nº 1 - Olavarría,"Rufino Fal 2943, CP 7400, Olavarría"
Juzgado en lo Civil y Comercial Nº 2 - Olavarría,"Rufino Fal 2943, CP 7400, Olavarría"
Juzgado en lo Civil y Comercial Nº 1 - Tandil,"San Martín 596, CP 7000, Tandil"
Juzgado en lo Civil y Comercial Nº 2 - Tandil,"San Martín 596, CP 7000, Tandil"
Juzgado en lo Civil y Comercial Nº 3 - Tandil,"Avenida Colón 1076, CP 7000, Tandil"
Juzgado en lo Civil y Comercial Nº 1 - Trenque Lauquen,"9 de Julio 54, CP 6400, Trenque Lauquen"
Juzgado en lo Civil y Comercial Nº 2 - Trenque Lauquen,"9 de Julio 54, CP 6400, Trenque Lauquen"
Juzgado en lo Civil y Comercial Nº 1 - La Plata,"Calle 13, Intersección 47 y 48, CP 1900, La Plata"
Juzgado en lo Civil y Comercial Nº 2 - La Plata,"Calle 13, Intersección 47 y 48, CP 1900, La Plata"
Juzgado en lo Civil y Comercial Nº 4 - La Plata,"Calle 13, Intersección 47 y 48, CP 1900, La Plata"
Juzgado en lo Civil y Comercial Nº 5 - La Plata,"Calle 13, Intersección 47 y 48, CP 1900, La Plata"
Juzgado en lo Civil y Comercial Nº 6 - La Plata,"Calle 13, Intersección 47 y 48, CP 1900, La Plata"
Juzgado en lo Civil y Comercial Nº 7 - La Plata,"Calle 13, Intersección 47 y 48, CP 1900, La Plata"
Juzgado en lo Civil y Comercial Nº 8 - La Plata,"Calle 13, Intersección 47 y 48, CP 1900, La Plata"
Juzgado en lo Civil y Comercial Nº 9 - La Plata,"Calle 13, Intersección 47 y 48, CP 1900, La Plata"
Juzgado en lo Civil y Comercial Nº 10 - La Plata,"Calle 13, Intersección 47 y 48, CP 1900, La Plata"
Juzgado en lo Civil y Comercial Nº 11 - La Plata,"Calle 13, Intersección 47 y 48, CP 1900, La Plata"
Juzgado en lo Civil y Comercial Nº 12 - La Plata,"Calle 13, Intersección 47 y 48, CP 1900, La Plata"
Juzgado en lo Civil y Comercial Nº 13 - La Plata,"Calle 13, Intersección 47 y 48, CP 1900, La Plata"
Juzgado en lo Civil y Comercial Nº 14 - La Plata,"Calle 13, Intersección 47 y 48, CP 1900, La Plata"
Juzgado en lo Civil y Comercial Nº 16 - La Plata,"Calle 13, Intersección 47 y 48, CP 1900, La Plata"
Juzgado en lo Civil y Comercial Nº 17 - La Plata,"Calle 13 N° 688 y 688 1/2, Intersección 45 y 46, CP 1900, La Plata"
Juzgado en lo Civil y Comercial Nº 18 - La Plata,"Calle 13, Intersección 47 y 48, CP 1900, La Plata"
Juzgado en lo Civil y Comercial Nº 19 - La Plata,"Calle 13 N° 690, CP 1900, La Plata"
Juzgado en lo Civil y Comercial Nº 20 - La Plata,"Calle 13, Intersección 47 y 48, CP 1900, La Plata"
Juzgado en lo Civil y Comercial Nº 21 - La Plata,"Calle 13, Intersección 47 y 48, CP 1900, La Plata"
Juzgado en lo Civil y Comercial Nº 22 - La Plata,"Calle 13, Intersección 47 y 48, CP 1900, La Plata"
Juzgado en lo Civil y Comercial Nº 23 - La Plata,"Calle 13, Intersección 47 y 48, CP 1900, La Plata"
Juzgado en lo Civil y Comercial Nº 25 - La Plata,"Calle 13, Intersección 47 y 48, CP 1900, La Plata"
Juzgado en lo Civil y Comercial Nº 27 - La Plata,"Calle 13, Intersección 47 y 48, CP 1900, La Plata"
Juzgado en lo Civil y Comercial Nº 1 - Mercedes,"Calle 30 N° 619, CP 6600, Mercedes"
Juzgado en lo Civil y Comercial Nº 2 - Mercedes,"Calle 27 N° 600, CP 6600, Mercedes"
Juzgado en lo Civil y Comercial Nº 3 - Mercedes,"Calle 27 N° 600, CP 6600, Mercedes"
Juzgado en lo Civil y Comercial Nº 4 - Mercedes,"Calle 27 N° 600, CP 6600, Mercedes"
Juzgado en lo Civil y Comercial Nº 5 - Mercedes,"Calle 27 N° 576, Piso 3, CP 6600, Mercedes"
Juzgado en lo Civil y Comercial Nº 6 - Mercedes,"Calle 25 N° 627, CP 6600, Mercedes"
Juzgado en lo Civil y Comercial Nº 7 - Mercedes,"Calle 26 N° 620, CP 6600, Mercedes"
Juzgado en lo Civil y Comercial Nº 8 - Mercedes,"Calle 23, Intersección 28 y 30, CP 6600, Mercedes"
Juzgado en lo Civil y Comercial Nº 9 - Mercedes,"Calle 26 N° 620, CP 6600, Mercedes"
Juzgado en lo Civil y Comercial Nº 10 - Mercedes,"Calle 27, Intersección 26 y 24, Piso 1, CP 6600, Mercedes"
Juzgado en lo Civil y Comercial Nº 1 - Junín,"Calle Álvarez Rodríguez N° 141, Piso 3, CP 6000, Junín"
Juzgado en lo Civil y Comercial Nº 2 - Junín,"Calle Álvarez Rodríguez N° 81, CP 6000, Junín"
Juzgado en lo Civil y Comercial Nº 3 - Junín,"Calle Álvarez Rodríguez N° 81, CP 6000, Junín"
Juzgado en lo Civil y Comercial Nº 4 - Junín,"Calle Álvarez Rodríguez N° 141, CP 6000, Junín"
Juzgado en lo Civil y Comercial Nº 1 - Zárate Campana,"Calle Güemes N° 1112, CP 2804, Campana"
Juzgado en lo Civil y Comercial Nº 2 - Zárate Campana,"Avenida Mitre N° 755, Piso 4, CP 2800, Zárate"
Juzgado en lo Civil y Comercial Nº 3 - Zárate Campana,"Calle Güemes N° 1112, CP 2804, Campana"
Juzgado en lo Civil y Comercial Nº 4 - Zárate Campana,"Avenida Mitre N° 755, Piso 4, CP 2800, Zárate"
Juzgado en lo Civil y Comercial Nº 1 - San Nicolás,"Calle Pellegrini N° 68, Piso P.A., CP 2900, San Nicolás de los Arroyos"
Juzgado en lo Civil y Comercial Nº 2 - San Nicolás,"Calle Guardias Nacionales N° 47, CP 2900, San Nicolás de los Arroyos"
Juzgado en lo Civil y Comercial Nº 3 - San Nicolás,"Calle Pellegrini N° 68, Piso 1, CP 2900, San Nicolás de los Arroyos"
Juzgado en lo Civil y Comercial Nº 4 - San Nicolás,"Calle Guardias Nacionales N° 47, CP 2900, San Nicolás de los Arroyos"
Juzgado en lo Civil y Comercial Nº 5 - San Nicolás,"Calle Guardias Nacionales N° 47, CP 2900, San Nicolás de los Arroyos"
Juzgado en lo Civil y Comercial Nº 6 - San Nicolás,"Calle Guardias Nacionales N° 47, CP 2900, San Nicolás de los Arroyos"
Juzgado en lo Civil y Comercial Nº 1 - Pergamino,"Calle General Pinto N° 1251, Intersección Colón y Monteagudo, CP 2700, Pergamino"
Juzgado en lo Civil y Comercial Nº 2 - Pergamino,"Calle General Pinto N° 1251, Intersección Colón y Monteagudo, CP 2700, Pergamino"
Juzgado en lo Civil y Comercial Nº 3 - Pergamino,"Calle General Pinto N° 1251, Intersección Colón y Monteagudo, CP 2700, Pergamino"